Epoch,Number_of_Unlabeled_Images,Train_Loss,Train_Acc,Val_Loss,Val_Acc,Test_Loss,Test_Acc,Test_Pre,Test_Recall,Test_F1,Test_1_Acc,Test_2_Acc,Test_3_Acc,Test_4_Acc,Test_5_Acc,Test_7_Acc,Test_8_Acc,Test_Confusion_Matrix,Model_Parameter,Hours,Latency
1,None,1.1671,0.5561,0.9479,0.6181,None,None,None,None,None,None,None,None,None,None,None,None,None,65.38,None,None
2,1322,0.8080,0.6940,0.7920,0.6903,None,None,None,None,None,None,None,None,None,None,None,None,None,65.38,None,None
3,1665,0.7238,0.7242,0.7540,0.7070,None,None,None,None,None,None,None,None,None,None,None,None,None,65.38,None,None
4,1832,0.6602,0.7473,0.6862,0.7260,None,None,None,None,None,None,None,None,None,None,None,None,None,65.38,None,None
5,1917,0.5947,0.7720,0.6655,0.7423,None,None,None,None,None,None,None,None,None,None,None,None,None,65.38,None,None
6,2120,0.5663,0.7834,0.6514,0.7652,None,None,None,None,None,None,None,None,None,None,None,None,None,65.38,None,None
7,2597,0.5473,0.7959,0.7380,0.7242,None,None,None,None,None,None,None,None,None,None,None,None,None,65.38,None,None
8,2491,0.5118,0.8081,0.6555,0.7529,None,None,None,None,None,None,None,None,None,None,None,None,None,65.38,None,None
9,2706,0.4906,0.8131,0.6178,0.7678,None,None,None,None,None,None,None,None,None,None,None,None,None,65.38,None,None
10,2693,0.4570,0.8264,0.6555,0.7674,None,None,None,None,None,None,None,None,None,None,None,None,None,65.38,None,None
11,2651,0.4549,0.8300,0.5553,0.7828,None,None,None,None,None,None,None,None,None,None,None,None,None,65.38,None,None
12,3187,0.4249,0.8413,0.5034,0.7987,None,None,None,None,None,None,None,None,None,None,None,None,None,65.38,None,None
13,3218,0.3948,0.8511,0.5724,0.7868,None,None,None,None,None,None,None,None,None,None,None,None,None,65.38,None,None
14,3381,0.4002,0.8478,0.5545,0.7881,None,None,None,None,None,None,None,None,None,None,None,None,None,65.38,None,None
15,3268,0.3784,0.8579,0.4847,0.8194,None,None,None,None,None,None,None,None,None,None,None,None,None,65.38,None,None
16,3448,0.3664,0.8644,0.5113,0.8167,None,None,None,None,None,None,None,None,None,None,None,None,None,65.38,None,None
17,3535,0.3643,0.8646,0.5333,0.7947,None,None,None,None,None,None,None,None,None,None,None,None,None,65.38,None,None
18,3365,0.3415,0.8697,0.4736,0.8128,None,None,None,None,None,None,None,None,None,None,None,None,None,65.38,None,None
19,3427,0.3440,0.8691,0.4859,0.8022,None,None,None,None,None,None,None,None,None,None,None,None,None,65.38,None,None
20,3604,0.3389,0.8762,0.4710,0.8172,None,None,None,None,None,None,None,None,None,None,None,None,None,65.38,None,None
21,3761,0.3157,0.8839,0.5287,0.8035,None,None,None,None,None,None,None,None,None,None,None,None,None,65.38,None,None
22,3655,0.3106,0.8862,0.5166,0.8128,None,None,None,None,None,None,None,None,None,None,None,None,None,65.38,None,None
23,4198,0.3040,0.8850,0.4977,0.8247,None,None,None,None,None,None,None,None,None,None,None,None,None,65.38,None,None
24,3945,0.2797,0.8958,0.4353,0.8242,None,None,None,None,None,None,None,None,None,None,None,None,None,65.38,None,None
25,4018,0.3002,0.8857,0.4429,0.8414,None,None,None,None,None,None,None,None,None,None,None,None,None,65.38,None,None
26,4154,0.2726,0.8964,0.4829,0.8260,None,None,None,None,None,None,None,None,None,None,None,None,None,65.38,None,None
27,4442,0.2714,0.8992,0.4172,0.8401,None,None,None,None,None,None,None,None,None,None,None,None,None,65.38,None,None
28,4202,0.2587,0.9019,0.5848,0.8106,None,None,None,None,None,None,None,None,None,None,None,None,None,65.38,None,None
29,4517,0.2815,0.8946,0.4392,0.8366,None,None,None,None,None,None,None,None,None,None,None,None,None,65.38,None,None
30,3932,0.1826,0.9351,0.3530,0.8665,None,None,None,None,None,None,None,None,None,None,None,None,None,65.38,None,None
31,4637,0.1513,0.9471,0.3542,0.8722,None,None,None,None,None,None,None,None,None,None,None,None,None,65.38,None,None
32,4816,0.1386,0.9508,0.3527,0.8736,None,None,None,None,None,None,None,None,None,None,None,None,None,65.38,None,None
33,4930,0.1386,0.9518,0.3583,0.8780,None,None,None,None,None,None,None,None,None,None,None,None,None,65.38,None,None
34,4947,0.1313,0.9523,0.3644,0.8718,None,None,None,None,None,None,None,None,None,None,None,None,None,65.38,None,None
35,5019,0.1256,0.9544,0.3699,0.8749,None,None,None,None,None,None,None,None,None,None,None,None,None,65.38,None,None
36,5076,0.1210,0.9556,0.3655,0.8780,None,None,None,None,None,None,None,None,None,None,None,None,None,65.38,None,None
37,5140,0.1232,0.9546,0.3708,0.8767,None,None,None,None,None,None,None,None,None,None,None,None,None,65.38,None,None
38,5161,0.1188,0.9553,0.3818,0.8722,None,None,None,None,None,None,None,None,None,None,None,None,None,65.38,None,None
39,5204,0.1057,0.9608,0.3917,0.8749,None,None,None,None,None,None,None,None,None,None,None,None,None,65.38,None,None
40,5278,0.1071,0.9623,0.3916,0.8753,None,None,None,None,None,None,None,None,None,None,None,None,None,65.38,None,None
41,5326,0.1075,0.9606,0.3881,0.8767,None,None,None,None,None,None,None,None,None,None,None,None,None,65.38,None,None
42,5292,0.1013,0.9632,0.3920,0.8718,None,None,None,None,None,None,None,None,None,None,None,None,None,65.38,None,None
43,5332,0.1008,0.9638,0.4032,0.8709,None,None,None,None,None,None,None,None,None,None,None,None,None,65.38,None,None
44,5353,0.1002,0.9630,0.4053,0.8775,None,None,None,None,None,None,None,None,None,None,None,None,None,65.38,None,None
45,5397,0.1039,0.9620,0.4068,0.8771,None,None,None,None,None,None,None,None,None,None,None,None,None,65.38,None,None
46,5440,0.0993,0.9646,0.4277,0.8758,None,None,None,None,None,None,None,None,None,None,None,None,None,65.38,None,None
47,5489,0.0977,0.9642,0.4089,0.8762,None,None,None,None,None,None,None,None,None,None,None,None,None,65.38,None,None
48,5486,0.0927,0.9661,0.4299,0.8758,None,None,None,None,None,None,None,None,None,None,None,None,None,65.38,None,None
49,5564,0.0911,0.9655,0.4085,0.8758,None,None,None,None,None,None,None,None,None,None,None,None,None,65.38,None,None
50,5576,0.0873,0.9692,0.4169,0.8762,None,None,None,None,None,None,None,None,None,None,None,None,None,65.38,None,None
51,5566,0.0876,0.9686,0.4379,0.8740,None,None,None,None,None,None,None,None,None,None,None,None,None,65.38,None,None
52,5580,0.0887,0.9668,0.4269,0.8828,None,None,None,None,None,None,None,None,None,None,None,None,None,65.38,None,None
53,5619,0.0865,0.9676,0.4433,0.8753,None,None,None,None,None,None,None,None,None,None,None,None,None,65.38,None,None
54,5667,0.0804,0.9719,0.4364,0.8727,None,None,None,None,None,None,None,None,None,None,None,None,None,65.38,None,None
55,5699,0.0814,0.9713,0.4473,0.8797,None,None,None,None,None,None,None,None,None,None,None,None,None,65.38,None,None
56,5675,0.0751,0.9733,0.4511,0.8767,None,None,None,None,None,None,None,None,None,None,None,None,None,65.38,None,None
57,5714,0.0813,0.9704,0.4539,0.8740,None,None,None,None,None,None,None,None,None,None,None,None,None,65.38,None,None
58,5712,0.0808,0.9705,0.4492,0.8736,None,None,None,None,None,None,None,None,None,None,None,None,None,65.38,None,None
59,5723,0.0747,0.9729,0.4744,0.8705,None,None,None,None,None,None,None,None,None,None,None,None,None,65.38,None,None
60,5771,0.0609,0.9792,0.4569,0.8762,None,None,None,None,None,None,None,None,None,None,None,None,None,65.38,None,None
61,5788,0.0625,0.9783,0.4528,0.8758,None,None,None,None,None,None,None,None,None,None,None,None,None,65.38,None,None
62,5803,0.0582,0.9803,0.4447,0.8784,None,None,None,None,None,None,None,None,None,None,None,None,None,65.38,None,None
63,5795,0.0655,0.9769,0.4578,0.8797,None,None,None,None,None,None,None,None,None,None,None,None,None,65.38,None,None
64,5805,0.0630,0.9782,0.4605,0.8758,None,None,None,None,None,None,None,None,None,None,None,None,None,65.38,None,None
65,5821,0.0596,0.9803,0.4476,0.8771,None,None,None,None,None,None,None,None,None,None,None,None,None,65.38,None,None
66,5841,0.0597,0.9798,0.4516,0.8797,None,None,None,None,None,None,None,None,None,None,None,None,None,65.38,None,None
67,5850,0.0543,0.9806,0.4417,0.8802,None,None,None,None,None,None,None,None,None,None,None,None,None,65.38,None,None
68,5835,0.0571,0.9807,0.4509,0.8802,None,None,None,None,None,None,None,None,None,None,None,None,None,65.38,None,None
69,5843,0.0533,0.9814,0.4541,0.8767,None,None,None,None,None,None,None,None,None,None,None,None,None,65.38,None,None
70,5850,0.0541,0.9819,0.4515,0.8828,None,None,None,None,None,None,None,None,None,None,None,None,None,65.38,None,None
71,5887,0.0531,0.9826,0.4619,0.8802,None,None,None,None,None,None,None,None,None,None,None,None,None,65.38,None,None
72,5852,0.0503,0.9834,0.4507,0.8819,None,None,None,None,None,None,None,None,None,None,None,None,None,65.38,None,None
73,5862,0.0525,0.9820,0.4504,0.8824,None,None,None,None,None,None,None,None,None,None,None,None,None,65.38,None,None
74,5853,0.0538,0.9824,0.4456,0.8806,None,None,None,None,None,None,None,None,None,None,None,None,None,65.38,None,None
75,5868,0.0536,0.9822,0.4523,0.8802,None,None,None,None,None,None,None,None,None,None,None,None,None,65.38,None,None
76,5852,0.0562,0.9805,0.4619,0.8806,None,None,None,None,None,None,None,None,None,None,None,None,None,65.38,None,None
77,5900,0.0549,0.9815,0.4556,0.8833,None,None,None,None,None,None,None,None,None,None,None,None,None,65.38,None,None
78,5868,0.0531,0.9826,0.4626,0.8828,None,None,None,None,None,None,None,None,None,None,None,None,None,65.38,None,None
79,5892,0.0489,0.9821,0.4663,0.8815,None,None,None,None,None,None,None,None,None,None,None,None,None,65.38,None,None
80,5901,0.0503,0.9826,0.4655,0.8819,0.4768,0.8837,0.8785,0.8725,0.8753,0.9536,0.8997,0.7963,0.8928,0.7384,0.8996,0.9273,[[329  15   0   1   0   0   0]  [ 18 350  20   0   0   1   0]  [  0  17 258  39   6   2   2]  [  0   0  29 408  16   2   2]  [  0   2  15  22 127   5   1]  [  0   1   4   2   8 215   9]  [  0   2   4   3   2  14 319]],65.38,1.41,18.94
